Year,Wolves,Elk,Aggressions,Packs
1998,30.15075377,11742,2,3
1999,33.16582915,14538,8,3
2000,30.15075377,13400,15,4
2001,52.26130653,11969,15,5
2002,57.28643216,9215,20,8
2003,70.35175879,8335,37,8
2004,69.34673367,9545,41,7
2005,69.34673367,6588,19,6
2006,42.21105528,6738,19,7
2007,56.28140704,6279,48,5
2008,84.42211055,7109,38,8
2009,51.25628141,6070,32,9
2010,39.1959799,4635,27,6
